case_id,slope_type,height,cohesion,friction_angle,unit_weight,water_depth_ratio,fs_fellenius,fs_bishop,fs_average,soil_type,water_type,slope_angle,upper_angle,lower_angle
5,simple,41.26966473988212,18.048354604389935,35.47972148566976,21.30523878009045,0.5065211004752179,0.4850653569569137,0.1,0.2925326784784569,mixed,horizontal,47.51132710781309,47.51132710781309,47.51132710781309
23,simple,46.322826592098096,24.131232424131017,16.645746084078844,20.15543680046549,0.4136943446855356,0.18966871906248137,0.1,0.1448343595312407,mixed,horizontal,40.40202308014083,40.40202308014083,40.40202308014083
24,simple,13.830542675953502,7.354170162550863,21.50929965833885,18.238527240011383,0.3326198407917212,0.5977745075557351,0.1,0.34888725377786756,silt,horizontal,54.503767709439884,54.503767709439884,54.503767709439884
30,simple,22.149523112531632,0.11858180152895303,26.595782472680007,19.67187817434611,0.23222694185180828,1.7489172296741033,0.1,0.9244586148370517,sand,horizontal,55.97351156566906,55.97351156566906,55.97351156566906
33,simple,14.06576731069222,6.429249558956089,22.39444899879146,17.820731333580643,0.13767988211988974,0.10830976307304449,0.1,0.10415488153652225,silt,horizontal,31.709721280840647,31.709721280840647,31.709721280840647
35,simple,45.03809006523755,1.104352535008113,34.31956270040084,17.514309043187513,0.3437963048605334,1.7069307991077856,0.1,0.9034653995538928,silt,horizontal,55.01531769419036,55.01531769419036,55.01531769419036
37,simple,41.787421543655,23.57401395563923,22.406393832919605,19.270050494343643,0.7443387945430223,0.8224131767671883,0.1,0.46120658838359413,mixed,horizontal,45.38920934755605,45.38920934755605,45.38920934755605
64,simple,28.33331596743708,1.3767242506922206,25.352696581046928,20.21082306465151,0.07438422115583299,0.25341225307031107,0.1,0.17670612653515555,sand,horizontal,36.23123619892222,36.23123619892222,36.23123619892222
75,simple,18.691397753439297,3.239658538596486,22.670442944080456,17.310275629048537,0.478035499621776,1.6885330957377824,0.1,0.8942665478688913,silt,horizontal,56.95201937492277,56.95201937492277,56.95201937492277
79,simple,18.467280173481385,27.86122919992194,21.280475872043638,19.77243227088053,0.6351418201879632,0.2051497776402168,0.1,0.1525748888201084,clay,horizontal,60.320018006566485,60.320018006566485,60.320018006566485
80,simple,26.14297191079313,1.2353189688904742,32.089700282048305,21.10615957781045,0.3237541771583017,1.3511513198037497,0.1,0.7255756599018749,mixed,horizontal,34.57258238227037,34.57258238227037,34.57258238227037
81,simple,17.587883606342675,23.868267744584195,28.926921049360757,17.288096150041046,0.5045098311673949,0.4277440012992039,0.1,0.263872000649602,mixed,horizontal,46.87824082913569,46.87824082913569,46.87824082913569
88,simple,22.431316271960807,15.483337701374547,21.93944556757036,18.748859876018674,0.4628009213209161,0.9524281537183429,0.1,0.5262140768591714,silt,horizontal,67.35595941235403,67.35595941235403,67.35595941235403
101,simple,49.42826217483175,23.72166484749005,13.679435214876674,18.080410570516992,0.6745667027196509,0.9994255579967145,0.1,0.5497127789983572,clay,horizontal,67.50911968658346,67.50911968658346,67.50911968658346
103,simple,19.43109705616869,2.505914236225821,40.66426768732778,19.267612017712857,0.5788090872238508,1.0518864795804825,0.1,0.5759432397902413,sand,horizontal,61.17290382271191,61.17290382271191,61.17290382271191
107,simple,11.490606347530836,13.26180233296014,26.413384153958564,20.78531603975518,0.4312040358606005,0.11570236099980492,0.1,0.10785118049990247,silt,horizontal,35.198480214704915,35.198480214704915,35.198480214704915
114,simple,33.63870134024661,2.006826941566326,32.62543645890496,21.71796476817687,0.7777421499945776,0.7303497346202108,0.1,0.4151748673101054,sand,horizontal,62.07103459706667,62.07103459706667,62.07103459706667
117,simple,23.609820165569964,7.988266197794001,34.96070664085151,17.16276499803361,0.13534031275952838,1.7710449915415987,0.1,0.9355224957707994,mixed,horizontal,61.51935578219523,61.51935578219523,61.51935578219523
126,simple,20.041343723687138,15.925686084467012,29.596069960675617,17.758388317976358,0.537840510942022,0.25687928359748147,0.1,0.17843964179874072,silt,horizontal,39.570923605518644,39.570923605518644,39.570923605518644
130,simple,44.406694863018295,18.275997370340363,27.023854211121897,18.109341548892303,0.4070753942446545,1.7399370209218674,0.1,0.9199685104609338,silt,horizontal,39.744912417057826,39.744912417057826,39.744912417057826
152,simple,8.655570289886889,4.631543706827533,37.83030859944908,18.004368941902666,0.26531456045225293,0.6864177318694197,0.1,0.39320886593470983,mixed,horizontal,51.699974917769765,51.699974917769765,51.699974917769765
153,simple,22.58781840198139,2.4376460673445104,39.7730378562118,20.682283394904438,0.3006649571502247,0.182607827360498,0.1,0.141303913680249,sand,horizontal,24.177381017607583,24.177381017607583,24.177381017607583
191,simple,35.91692168682491,2.4178119306298544,44.34494365131354,18.561317767955813,0.7885621139671126,0.8451813679666805,0.1,0.47259068398334025,sand,horizontal,52.26906692262684,52.26906692262684,52.26906692262684
210,simple,19.815304951203927,3.6805872457462425,40.4379272659958,19.869668368408917,0.3178866864777252,0.5435384625233939,0.1,0.32176923126169693,sand,horizontal,46.541311056348526,46.541311056348526,46.541311056348526
211,simple,9.994557384925978,1.6409265601008494,36.95040828793407,20.86210694101241,0.710904716549589,0.15867264782660898,0.1,0.1293363239133045,sand,horizontal,44.1781776647908,44.1781776647908,44.1781776647908
214,simple,38.023911336106345,1.859443492878411,26.63011342322634,21.377721121978315,0.28286252859417876,1.6946255939392438,0.1,0.897312796969622,sand,horizontal,48.988550062958026,48.988550062958026,48.988550062958026
216,simple,18.158079938641357,22.9530725833805,15.110191241705012,16.597320766727155,0.5560423331370283,0.16072378144521648,0.1,0.13036189072260823,mixed,horizontal,42.636877814238744,42.636877814238744,42.636877814238744
220,simple,19.84028639653065,13.092158223529673,38.57638421857622,17.566869210864176,0.664434245774692,0.41323500289009335,0.1,0.2566175014450467,mixed,horizontal,68.48463268623905,68.48463268623905,68.48463268623905
221,simple,38.40527303945614,1.0080926130945982,30.401791524736012,19.594750127635393,0.3389446667461282,0.21318446752950443,0.1,0.15659223376475223,sand,horizontal,29.185367525065274,29.185367525065274,29.185367525065274
222,simple,35.21916375735669,3.0962304462689447,36.149050588924744,21.96794544007891,0.3845339900589105,0.6203555600758589,0.1,0.36017778003792944,sand,horizontal,33.683261823761356,33.683261823761356,33.683261823761356
228,simple,41.02274364220414,14.468549571661187,29.245190094448844,20.56257615880642,0.25865686864876436,1.5124693774617506,0.1,0.8062346887308753,mixed,horizontal,36.168723594223124,36.168723594223124,36.168723594223124
238,simple,22.989209396512173,3.5519255073827893,26.05010696964216,20.139154025903697,0.6006744124784743,1.3088642147783507,0.1,0.7044321073891754,silt,horizontal,61.60915071062792,61.60915071062792,61.60915071062792
239,simple,46.422456736498695,4.209236360774485,28.983416976773835,18.98681791212982,0.27705193150532986,0.7340843912955678,0.1,0.4170421956477839,sand,horizontal,22.27363952655483,22.27363952655483,22.27363952655483
243,simple,26.765843118021195,1.4113651749737932,42.96991406781136,21.932184377476926,0.23798519815899574,0.45809126820540974,0.1,0.2790456341027049,sand,horizontal,27.067184582385465,27.067184582385465,27.067184582385465
244,simple,16.73810139021365,19.40890001157042,14.957697756851019,18.409563119529945,0.7869115162850578,0.420699357521131,0.1,0.26034967876056553,clay,horizontal,57.466139472315604,57.466139472315604,57.466139472315604
247,simple,17.452837528301448,25.98856440987675,22.98879327918145,18.758505176982787,0.47655750786185397,0.27736976969189087,0.1,0.18868488484594542,mixed,horizontal,65.57460466672643,65.57460466672643,65.57460466672643
268,simple,28.061039482446624,1.0858602920318305,39.79559281128104,18.290405778935373,0.40619382659663583,0.12289491514695149,0.1,0.11144745757347574,sand,horizontal,39.27458282424456,39.27458282424456,39.27458282424456
287,simple,35.02201754486764,19.553159712786513,32.2573772562101,18.94177456976117,0.3466774438918724,1.5113898600605136,0.1,0.8056949300302568,silt,horizontal,51.75610392512288,51.75610392512288,51.75610392512288
288,simple,25.5795151804253,2.5007134043222483,41.828390229224325,21.80428405483802,0.3228956283360234,1.079585458083843,0.1,0.5897927290419216,sand,horizontal,45.47841639950227,45.47841639950227,45.47841639950227
297,simple,15.469441470727185,0.7980133984040694,28.062227153781425,19.060034347244454,0.5038492419422477,1.4700932491123802,0.1,0.7850466245561901,silt,horizontal,49.70139532130928,49.70139532130928,49.70139532130928
298,simple,36.638039922020525,13.182033592605087,17.106343300811144,18.517398684554365,0.6361567854527048,0.3950763420128359,0.1,0.24753817100641795,clay,horizontal,40.94116304173236,40.94116304173236,40.94116304173236
301,simple,47.467610229241004,4.232022600313731,16.033578418194715,21.80431028364884,0.49634780459407013,0.15489882481731898,0.1,0.12744941240865948,mixed,horizontal,33.85442001681436,33.85442001681436,33.85442001681436
307,simple,28.458403679965826,1.6145997277198088,44.72056360218534,19.159198883878748,0.18141553147518863,2.27978375804654,0.1,1.18989187902327,sand,horizontal,42.54573518195684,42.54573518195684,42.54573518195684
312,simple,20.655353131911593,2.686111295971073,36.8105685088955,20.40695470657708,0.19528756204209988,0.25811708498185726,0.1,0.17905854249092862,sand,horizontal,24.12152310626664,24.12152310626664,24.12152310626664
325,simple,38.77688316772306,4.742235858310201,27.911498130240375,20.62901055370815,0.7324641479281029,0.22318549492658596,0.1,0.161592747463293,sand,horizontal,36.28083141872181,36.28083141872181,36.28083141872181
331,simple,47.970025242228054,1.2552273096015427,28.65882534927456,19.054481079935734,0.2691783775944349,0.1551948672147604,0.1,0.12759743360738018,sand,horizontal,36.83583089668707,36.83583089668707,36.83583089668707
332,simple,49.23461017409142,0.280925306341937,31.78966100464046,18.41127319066994,0.7339112840423468,0.29936207686342975,0.1,0.19968103843171486,silt,horizontal,58.43079711442925,58.43079711442925,58.43079711442925
337,simple,24.235727960797025,2.0859483396239353,25.4359274784849,21.386588598571183,0.23698883504519694,0.25971764177747225,0.1,0.17985882088873612,sand,horizontal,46.17060702141556,46.17060702141556,46.17060702141556
339,simple,13.55075045963948,3.4031724098699554,40.52100134588822,18.08641418894981,0.259024382603363,0.44217373791387704,0.1,0.2710868689569385,sand,horizontal,31.404750391494122,31.404750391494122,31.404750391494122
343,simple,44.390259303471936,4.4846037282545606,38.70666586271112,18.141948479917236,0.6543564776792179,0.19945413612203697,0.1,0.1497270680610185,sand,horizontal,31.905987117219276,31.905987117219276,31.905987117219276
344,simple,23.46297995523295,4.718881540690607,35.08408108296756,18.912156127287748,0.4372857120481931,0.21974036888951284,0.1,0.15987018444475642,sand,horizontal,34.26089578323655,34.26089578323655,34.26089578323655
345,simple,44.77502554808683,10.85433249690828,33.34841867687452,19.685527029343675,0.3431590218703986,1.553952049241613,0.1,0.8269760246208065,silt,horizontal,56.81966137665591,56.81966137665591,56.81966137665591
347,simple,32.80122593860221,16.00467502809937,33.92752341877748,17.41308694147527,0.6345443030147528,2.5004207525890116,0.1,1.3002103762945059,silt,horizontal,51.98679440209011,51.98679440209011,51.98679440209011
350,simple,6.754419121558744,4.023386027722966,35.265310344538456,21.725962254116535,0.297945820940605,1.4326599436527359,0.1,0.766329971826368,sand,horizontal,38.539478395704556,38.539478395704556,38.539478395704556
352,simple,16.09881882370217,3.3539005495813394,40.8861529877466,20.98309866381258,0.7147749923550233,0.4355431875244919,0.1,0.26777159376224596,sand,horizontal,53.30086534927569,53.30086534927569,53.30086534927569
361,simple,11.583169395258846,3.7157902388559583,28.05660762554346,18.88639570479523,0.5699248531729284,0.5752355226094235,0.1,0.3376177613047117,sand,horizontal,68.11203216789798,68.11203216789798,68.11203216789798
365,simple,30.432559481724162,3.594206227737442,28.552171056222704,18.951785472084204,0.37822133723166584,0.37629762546423945,0.1,0.23814881273211974,sand,horizontal,51.96945115615243,51.96945115615243,51.96945115615243
374,simple,21.801094661245532,16.097387043600964,32.514298895454935,18.856624127890793,0.4824149961611364,2.3596584631536572,0.1,1.2298292315768287,silt,horizontal,66.35841876817653,66.35841876817653,66.35841876817653
376,simple,43.139939397859244,31.886375871171584,26.1822190448045,19.580265190219002,0.47236811709203536,0.2626135145616079,0.1,0.18130675728080398,clay,horizontal,42.03922636279721,42.03922636279721,42.03922636279721
388,simple,23.869525998918213,7.708709905663573,28.58484275401574,20.715494313543086,0.6608602169503622,0.44539298522682014,0.1,0.27269649261341006,silt,horizontal,50.43946878543315,50.43946878543315,50.43946878543315
389,simple,15.417254031297457,9.346469720806114,21.807077650316746,17.449893377417595,0.28321901934463095,0.8256846679210131,0.1,0.46284233396050656,silt,horizontal,48.9697650523775,48.9697650523775,48.9697650523775
398,simple,43.72395726211106,0.39994298582585963,31.591355581939062,20.65960061976489,0.6381444246975866,2.3182407876935813,0.1,1.2091203938467907,sand,horizontal,43.74329662619287,43.74329662619287,43.74329662619287
411,simple,23.04943993814133,4.551511427835209,35.555125030458534,19.028377643736892,0.36060426594595685,0.8914367907819581,0.1,0.49571839539097906,sand,horizontal,33.46026812131145,33.46026812131145,33.46026812131145
417,simple,27.97167405533548,4.239079910904952,25.833881001154758,20.017938021290536,0.5140207388593747,0.25104812980282587,0.1,0.17552406490141292,sand,horizontal,65.13688638918416,65.13688638918416,65.13688638918416
425,simple,20.155394227163562,0.7588860608298353,33.50487620413743,18.71622660650129,0.7003417487141441,6.237008983166579,0.1,3.168504491583289,silt,horizontal,66.55229519384747,66.55229519384747,66.55229519384747
431,simple,19.730315479024668,2.7477532864511565,31.06798328934475,21.38054736693856,0.5549146575406388,0.32974485203902293,0.1,0.21487242601951145,sand,horizontal,29.82191688926445,29.82191688926445,29.82191688926445
436,simple,40.599148944688544,4.338182413632622,43.03996743378618,20.092535857829095,0.09187622149169067,0.5911516633382292,0.1,0.3455758316691146,sand,horizontal,25.53419451005348,25.53419451005348,25.53419451005348
439,simple,9.269610994667609,4.598529912091143,33.87295444633537,18.663960557971716,0.44123620063187197,0.551757812861194,0.1,0.32587890643059697,sand,horizontal,35.62294685874608,35.62294685874608,35.62294685874608
443,simple,28.858269191720133,9.257650468986327,32.5403492980425,18.31135329215394,0.6594659414939614,1.68548990857501,0.1,0.892744954287505,silt,horizontal,55.64935607021461,55.64935607021461,55.64935607021461
449,simple,49.367796202884364,24.717386145883392,17.947593317236773,21.912151930167298,0.22632543091039212,0.17373659615302703,0.1,0.13686829807651352,mixed,horizontal,41.71081581889297,41.71081581889297,41.71081581889297
457,simple,36.03780256791862,4.453930740042077,42.30267831884356,21.259065392198103,0.28709780711259486,0.5327573273730862,0.1,0.3163786636865431,sand,horizontal,46.15522787142656,46.15522787142656,46.15522787142656
458,simple,25.805548633230014,4.65995086455136,43.41048081064666,21.670225688282063,0.37466967432502235,0.3828045834920752,0.1,0.2414022917460376,sand,horizontal,24.118327299449852,24.118327299449852,24.118327299449852
460,simple,15.053933293057394,20.365714206188862,17.175684345457192,19.50887873009516,0.5419055804874652,0.16447005645999002,0.1,0.132235028229995,clay,horizontal,34.5583390809062,34.5583390809062,34.5583390809062
465,simple,6.84693550972473,14.615490198159199,22.19074317183587,19.26524308213328,0.6210126786439474,1.011194166068232,0.1,0.555597083034116,clay,horizontal,30.364590872061708,30.364590872061708,30.364590872061708
466,simple,46.15426404439379,28.207709822355532,27.39026467639575,18.143382052649578,0.3869102398566166,0.6284334511726863,0.1,0.36421672558634316,clay,horizontal,35.85483457911714,35.85483457911714,35.85483457911714
469,simple,28.228766832588917,20.187012676374636,14.110287809233315,19.521031251220283,0.5394084914632044,0.34369967874914187,0.1,0.22184983937457092,clay,horizontal,56.36578557150785,56.36578557150785,56.36578557150785
474,simple,40.430588685333646,9.878453192516046,23.671686524605292,20.99935919701063,0.7351775395014379,0.9105945059763678,0.1,0.505297252988184,silt,horizontal,53.281309924659055,53.281309924659055,53.281309924659055
478,simple,16.033193697359813,22.280357506880243,31.808010941629103,18.104996653649955,0.6577883701824164,1.437869072179726,0.1,0.7689345360898631,mixed,horizontal,58.79899587849487,58.79899587849487,58.79899587849487
480,simple,42.6425274890733,1.4756174515058107,35.71748954313667,20.49747199273959,0.17715110692271657,5.175165881608896,0.1,2.6375829408044478,sand,horizontal,65.81484893001476,65.81484893001476,65.81484893001476
483,simple,37.41165760022393,4.252892242574195,39.88240174400061,18.289369447167303,0.4878464199942526,0.12497987880252799,0.1,0.112489939401264,sand,horizontal,49.159455620837505,49.159455620837505,49.159455620837505
495,simple,29.30187323367845,9.445799757596955,31.87561858419569,19.92411055532202,0.11439013583737623,0.3399262688745076,0.1,0.2199631344372538,silt,horizontal,46.553205820821645,46.553205820821645,46.553205820821645
497,simple,7.540347657980242,8.935099665793148,22.144138891346962,18.164046605175677,0.3875712806688869,0.19023196999493683,0.1,0.14511598499746842,clay,horizontal,25.459198209186656,25.459198209186656,25.459198209186656
501,simple,28.353568649908883,1.8002149419159723,34.563814722087926,19.22706709099147,0.23583210404410979,0.20842175124073334,0.1,0.15421087562036667,sand,horizontal,45.333258132759624,45.333258132759624,45.333258132759624
507,simple,30.396865150586834,4.890538539084487,25.08576967860628,20.621868962765202,0.57952713301102,3.2968543368802607,0.1,1.6984271684401304,sand,horizontal,54.26529762692646,54.26529762692646,54.26529762692646
508,simple,40.96953602900273,18.946606546918588,27.345590147966547,17.63135736899715,0.3911791237911228,0.7317311683710953,0.1,0.41586558418554764,silt,horizontal,40.954672803742895,40.954672803742895,40.954672803742895
509,simple,48.1084509075031,6.580680262547027,24.094827211551937,19.35610974254708,0.6290457988353682,0.31638927419204715,0.1,0.2081946370960236,silt,horizontal,57.393491816512906,57.393491816512906,57.393491816512906
512,simple,17.941292640493675,17.809913205797226,31.407472020152415,19.08754671165425,0.4339682300531963,1.05687753551215,0.1,0.5784387677560751,silt,horizontal,33.81987991505996,33.81987991505996,33.81987991505996
517,simple,25.24610115710658,8.905740797435538,16.496733972901353,19.324989467587297,0.26247954591052897,0.7201318404778272,0.1,0.4100659202389136,clay,horizontal,62.53266153308297,62.53266153308297,62.53266153308297
520,simple,26.203979141224856,3.935325275636714,32.641643898074406,18.65443162612116,0.7271754176614886,1.2606472154250778,0.1,0.680323607712539,silt,horizontal,53.747394858531315,53.747394858531315,53.747394858531315
534,simple,38.969819309825226,8.332693173877475,29.403018532630426,19.14793829944908,0.47569349634714064,2.2190597949343562,0.1,1.1595298974671782,silt,horizontal,68.13028709470518,68.13028709470518,68.13028709470518
538,simple,26.978356793857987,4.258807315680525,25.839812161331473,18.577313023330042,0.30959548664854575,1.8349918255806268,0.1,0.9674959127903134,sand,horizontal,53.318058877057396,53.318058877057396,53.318058877057396
544,simple,42.14754104649297,4.769510420904956,37.76649098316801,21.861424319775747,0.6152404597694372,0.4705992699298138,0.1,0.2852996349649069,sand,horizontal,33.301543511739894,33.301543511739894,33.301543511739894
551,simple,38.379812972296136,2.338092988334304,35.86480775290618,20.240466328364274,0.36575465722567846,1.9713598699709474,0.1,1.0356799349854737,sand,horizontal,67.21256935157405,67.21256935157405,67.21256935157405
553,simple,43.96074847905387,14.100809930210023,19.560831176495626,19.391510367089147,0.26817528545945185,0.5116967362745003,0.1,0.30584836813725014,clay,horizontal,49.6510987798176,49.6510987798176,49.6510987798176
562,simple,33.19817848156899,0.02638032874328511,38.23523964275696,21.265052977562167,0.6658224274244164,4.371110930133316,0.1,2.235555465066658,sand,horizontal,56.79361686527487,56.79361686527487,56.79361686527487
563,simple,26.279952173354218,0.703157443106574,42.64467383464752,18.582511059737243,0.3580347611006395,0.7807457830298657,0.1,0.44037289151493286,sand,horizontal,25.489183015345063,25.489183015345063,25.489183015345063
572,simple,25.047367988214223,4.0363201063041725,41.94272896292658,18.380577534865854,0.416815580795441,0.907741433458932,0.1,0.503870716729466,sand,horizontal,45.15410693789649,45.15410693789649,45.15410693789649
574,simple,28.59509546022864,2.2720997745297433,22.422082242982604,19.06639063894657,0.2609825999360658,0.8845446915774663,0.1,0.49227234578873313,silt,horizontal,42.83899213904176,42.83899213904176,42.83899213904176
579,simple,39.558580813743106,8.57962436468474,15.293112796304122,17.369560765648014,0.24583927703441022,0.1775589030668294,0.1,0.1387794515334147,clay,horizontal,47.00783280457911,47.00783280457911,47.00783280457911
581,simple,42.82796404853375,34.080638450545365,23.66169582780217,16.708574434712535,0.6740569978369046,0.14224853879473862,0.1,0.12112426939736931,clay,horizontal,47.21712058398555,47.21712058398555,47.21712058398555
584,simple,11.52598239099753,25.580529694925694,31.49760853166505,17.87680290385798,0.7895254388393873,0.4323396870606573,0.1,0.26616984353032863,mixed,horizontal,38.794068757516456,38.794068757516456,38.794068757516456
591,simple,43.4804713154928,0.7049312091416771,29.832113531157248,18.658898575590253,0.35657122665106505,1.7423627491212774,0.1,0.9211813745606388,sand,horizontal,42.34030013766041,42.34030013766041,42.34030013766041
594,simple,23.764572483409648,17.206567781568673,28.62609112186896,16.147891622099415,0.4760684351117608,0.3485074024054891,0.1,0.22425370120274457,clay,horizontal,41.94105799508621,41.94105799508621,41.94105799508621
610,simple,13.10494104777188,3.886845512547921,29.029144370797976,18.05427665088123,0.6515263754928352,1.7028235128478348,0.1,0.9014117564239175,sand,horizontal,68.47524297539277,68.47524297539277,68.47524297539277
625,simple,41.013508264223155,15.449788433407942,32.63055746246853,19.28395822464436,0.47479026626398313,0.43219988213168037,0.1,0.2660999410658402,silt,horizontal,27.483077767740063,27.483077767740063,27.483077767740063
626,simple,24.219300605219654,13.91059086833798,21.83797354440579,18.05592844570606,0.42116802982525353,1.1474253820593274,0.1,0.6237126910296638,clay,horizontal,41.66247774016152,41.66247774016152,41.66247774016152
643,simple,33.21398418208328,5.780336575243302,30.676033917493832,16.17314627516828,0.77777593721876,0.31084604342908734,0.1,0.20542302171454369,mixed,horizontal,50.7749921375226,50.7749921375226,50.7749921375226
647,simple,33.52185901414171,19.1148677061192,24.98355054308501,20.303797518147565,0.2689582923056902,0.16991181357857596,0.1,0.13495590678928798,silt,horizontal,55.18245810341999,55.18245810341999,55.18245810341999
653,simple,18.969192739435407,49.31614511695278,24.394455681159094,17.228591542252442,0.6232900555771659,0.8688960330648158,0.1,0.4844480165324079,clay,horizontal,28.26006649254929,28.26006649254929,28.26006649254929
654,simple,17.374735421014066,22.355934021351075,20.805387122979038,16.95461962409024,0.741298132714925,0.1783411568316555,0.1,0.13917057841582775,clay,horizontal,40.95265937095303,40.95265937095303,40.95265937095303
658,simple,30.818256341317507,16.17106628437221,30.912111683517825,18.132149072482367,0.7438152927315905,0.1321918318481024,0.1,0.1160959159240512,silt,horizontal,25.85923563976662,25.85923563976662,25.85923563976662
663,simple,29.85245460880842,18.143453048417506,20.440663774848204,20.089971919987455,0.35971983418625925,0.23100097893869237,0.1,0.1655004894693462,mixed,horizontal,23.395316625974765,23.395316625974765,23.395316625974765
667,simple,40.83701550706765,0.06545648627936496,22.64680262215711,17.07013955259725,0.6890866647278044,0.3756313665508222,0.1,0.23781568327541108,silt,horizontal,58.47146285008417,58.47146285008417,58.47146285008417
675,simple,11.447992566572088,0.5256842342975543,26.516419747714654,18.596195362275402,0.270153202755238,0.4089476137865096,0.1,0.25447380689325483,sand,horizontal,39.011733680485435,39.011733680485435,39.011733680485435
688,simple,31.96892394344109,0.7475485160354883,38.28753639567724,18.774183519726325,0.6589558656422678,0.3681674062864793,0.1,0.23408370314323967,sand,horizontal,45.129857155286565,45.129857155286565,45.129857155286565
690,simple,33.73651237780393,8.163062851877317,22.03072393226293,17.659033653912747,0.4056972746109045,0.2942441922180193,0.1,0.19712209610900966,silt,horizontal,35.240314689703084,35.240314689703084,35.240314689703084
692,simple,15.453533686119151,3.5111798037027464,31.751875729730692,20.12754938846334,0.11400277231104648,0.18276123129201494,0.1,0.14138061564600746,sand,horizontal,31.350732592698964,31.350732592698964,31.350732592698964
711,simple,40.647216934137305,1.8725798860033853,43.30025718863753,21.1154669039203,0.13689401319700495,0.5898203836681635,0.1,0.3449101918340817,sand,horizontal,37.23631251593284,37.23631251593284,37.23631251593284
713,simple,16.470828922423642,2.461916156658605,42.73902385802447,18.11884384735495,0.6119129483916479,2.1083704524078857,0.1,1.1041852262039429,sand,horizontal,54.92850789432457,54.92850789432457,54.92850789432457
721,simple,15.763983177102999,4.899500570065558,28.62784322623984,17.482725923354543,0.563161390209637,0.10385692333212028,0.1,0.10192846166606015,silt,horizontal,44.655780970330994,44.655780970330994,44.655780970330994
726,simple,48.830488212127186,5.695653329964266,28.93912548963317,20.75140563496984,0.3905080758295311,0.2240494138092357,0.1,0.16202470690461784,silt,horizontal,25.071392577834615,25.071392577834615,25.071392577834615
752,simple,47.60577101641858,9.998008033385037,34.59810780935105,17.186420008018125,0.44296348026967697,0.5828915750625899,0.1,0.34144578753129495,silt,horizontal,38.36618160313529,38.36618160313529,38.36618160313529
758,simple,43.647713931507134,0.6340889273358025,29.770660461102587,20.6842186684693,0.6232135824355043,0.9732231497771185,0.1,0.5366115748885593,sand,horizontal,51.475423331912694,51.475423331912694,51.475423331912694
765,simple,40.06908652459611,1.8384807347224308,33.12887601189072,18.974734830015095,0.4462907275339042,0.2615346236892768,0.1,0.1807673118446384,sand,horizontal,37.23935871957007,37.23935871957007,37.23935871957007
771,simple,8.173454768156292,2.4772636641569257,25.77148837866571,20.455814954334887,0.4822417948086273,0.8393913866361356,0.1,0.46969569331806776,sand,horizontal,43.89504327243482,43.89504327243482,43.89504327243482
772,simple,7.292190685104179,3.955493988220438,33.91972837912599,19.90911268860883,0.5098251688875652,0.2871559648686811,0.1,0.19357798243434055,sand,horizontal,45.81627210871645,45.81627210871645,45.81627210871645
777,simple,38.92348908168121,3.905354965885354,36.455747112419544,20.424581478078338,0.3933575476279881,0.6184913842997424,0.1,0.3592456921498712,sand,horizontal,46.37915271304209,46.37915271304209,46.37915271304209
778,simple,23.93098006563676,11.080747688229975,33.770413160175224,19.78657652506502,0.6725790811367801,3.1691779589192857,0.1,1.6345889794596429,silt,horizontal,55.66258688876871,55.66258688876871,55.66258688876871
786,simple,9.065344990982014,0.917436532013064,34.86801531740146,19.768113220761677,0.08413155021746813,0.5302396559278766,0.1,0.3151198279639383,sand,horizontal,46.62376429485057,46.62376429485057,46.62376429485057
794,simple,8.982321836446616,16.45478619098484,30.130543061847167,18.168534284826322,0.4959158329893727,0.3367028415919669,0.1,0.21835142079598346,silt,horizontal,43.98465604482486,43.98465604482486,43.98465604482486
797,simple,42.2853185962269,9.217622585828074,28.604941366805583,18.134743899820258,0.6592006629630186,0.1547701434409633,0.1,0.12738507172048164,silt,horizontal,51.83224924491503,51.83224924491503,51.83224924491503
798,simple,17.834104415346395,0.031695261779212114,28.578561081542666,21.22331037384815,0.6782777982538324,0.2628763861178356,0.1,0.18143819305891778,sand,horizontal,53.17596162120138,53.17596162120138,53.17596162120138
802,simple,41.48768418965827,5.123387862751823,27.79083448091031,17.289169809619146,0.2772229563074408,3.2769217350142057,0.1,1.688460867507103,clay,horizontal,69.68043888970487,69.68043888970487,69.68043888970487
803,simple,27.57044982119931,26.873422669182457,29.68630875217853,16.142224578880754,0.41441257464402004,0.5990809868827477,0.1,0.34954049344137383,clay,horizontal,63.52069436991117,63.52069436991117,63.52069436991117
806,simple,37.830129308582286,23.64523439128492,17.095286837969756,19.887066821888805,0.27905088166492453,0.1115778020965371,0.1,0.10578890104826855,clay,horizontal,42.888241507090285,42.888241507090285,42.888241507090285
810,simple,43.80190752615788,35.2575160654858,22.922206456574663,16.277047162696338,0.5855842657366025,0.1544975368386291,0.1,0.12724876841931454,clay,horizontal,41.292718831410916,41.292718831410916,41.292718831410916
811,simple,40.94439064593163,1.6415862258364133,38.31254061019902,20.260554112588736,0.5908094928657287,0.8227262943695917,0.1,0.4613631471847958,sand,horizontal,40.26035780121694,40.26035780121694,40.26035780121694
812,simple,31.89263389966033,13.05402500770068,15.802866544347145,18.370774175494457,0.2660136381500586,0.3232806623601961,0.1,0.21164033118009806,clay,horizontal,45.09739991152036,45.09739991152036,45.09739991152036
813,simple,27.65194501680475,26.508708081792417,28.272983316908608,18.99030339801184,0.5458912541535543,3.3841068027392787,0.1,1.7420534013696394,clay,horizontal,59.283821698478164,59.283821698478164,59.283821698478164
817,simple,7.5745173750940875,5.10718063727759,34.20871113636268,18.4019816551268,0.5706638343630378,0.5810751858518977,0.1,0.3405375929259488,silt,horizontal,54.8488645220757,54.8488645220757,54.8488645220757
820,simple,9.885491564818203,16.85971628044467,27.084800251999305,20.140806146812814,0.45606203762063197,0.2336441482650866,0.1,0.1668220741325433,silt,horizontal,68.79471007964477,68.79471007964477,68.79471007964477
821,simple,13.119634681144332,0.7319636223041187,31.338850674077907,20.252199725908817,0.27953474248159654,0.15685099371801195,0.1,0.12842549685900598,sand,horizontal,28.246911847869487,28.246911847869487,28.246911847869487
822,simple,15.163285094803554,1.4028116297280235,31.180280078281946,19.174357046772787,0.6719960937238943,0.1511082937389475,0.1,0.12555414686947375,sand,horizontal,50.26581224751811,50.26581224751811,50.26581224751811
825,simple,17.741055581843312,0.9502542065092384,40.524702069839236,19.48666511904203,0.4055050958876205,0.13859270026379528,0.1,0.11929635013189764,sand,horizontal,44.32097340735662,44.32097340735662,44.32097340735662
826,simple,33.38400438761933,16.5296809799226,28.11904552159804,17.153907619081632,0.7455251348912615,0.18450882695505536,0.1,0.14225441347752768,silt,horizontal,38.15235637993276,38.15235637993276,38.15235637993276
834,simple,15.649216373112138,23.94528501779533,29.008830644679314,20.748851188378083,0.7825555372433195,0.27047973118352536,0.1,0.1852398655917627,mixed,horizontal,31.480683024537914,31.480683024537914,31.480683024537914
836,simple,9.931499590955529,5.505500021417822,26.540047324347686,18.03060249820635,0.5315816101399956,2.08055723616318,0.1,1.09027861808159,silt,horizontal,69.8934180007893,69.8934180007893,69.8934180007893
846,simple,20.115183325719634,20.1551438297476,17.861089440926058,17.902899544949676,0.6631955315823217,0.3121816375553862,0.1,0.20609081877769309,clay,horizontal,33.47207572983139,33.47207572983139,33.47207572983139
849,simple,44.83496569884571,9.505044612344705,28.136484308437375,16.005282653005178,0.11036255505318833,0.3470367367534592,0.1,0.22351836837672961,clay,horizontal,30.600129507110303,30.600129507110303,30.600129507110303
852,simple,25.228128400931606,15.544714904983659,31.7968277677268,20.67538909154977,0.39231076825351413,1.0924110939085812,0.1,0.5962055469542906,silt,horizontal,46.14191440211957,46.14191440211957,46.14191440211957
854,simple,38.78067071682851,19.08826564989977,25.426086411251035,16.82489100812446,0.4003171100669544,1.2684334355260363,0.1,0.6842167177630182,mixed,horizontal,51.44370149283364,51.44370149283364,51.44370149283364
857,simple,30.05804145587837,33.0603003351285,26.116411952161542,19.115026757188488,0.4516088030683042,0.21233973112943252,0.1,0.15616986556471626,clay,horizontal,20.132412297494266,20.132412297494266,20.132412297494266
860,simple,48.40894882019407,24.988660174201687,28.654120263299127,19.703785934385145,0.5421922136488675,0.23362992299523544,0.1,0.1668149614976177,clay,horizontal,42.7369112434494,42.7369112434494,42.7369112434494
875,simple,46.938107726356144,27.349709850359393,25.00404540412395,17.86703471359373,0.6620711635042292,0.14147375475149832,0.1,0.12073687737574916,clay,horizontal,42.61558118547797,42.61558118547797,42.61558118547797
876,simple,21.96685514059834,21.59149993786302,24.14258435991081,19.263927282921685,0.7690514930844645,0.12057346656529316,0.1,0.11028673328264658,mixed,horizontal,48.53269539162628,48.53269539162628,48.53269539162628
886,simple,46.458714515316565,12.351402171366123,20.63530739078012,17.30718278039119,0.1309471594667418,0.15118600657298437,0.1,0.1255930032864922,silt,horizontal,63.04953035534766,63.04953035534766,63.04953035534766
887,simple,15.920630565273918,19.46417950917385,27.57699789063798,20.08709651221687,0.4788444456805981,0.1465425444930163,0.1,0.12327127224650815,silt,horizontal,29.740638352126812,29.740638352126812,29.740638352126812
890,simple,44.58882605312656,4.818695476865524,36.75492909492212,20.972339192486558,0.19606395038511107,0.9617465362217631,0.1,0.5308732681108815,sand,horizontal,55.81366263284706,55.81366263284706,55.81366263284706
891,simple,20.902703398087066,3.5665944255196957,31.52193375982072,21.281043233372127,0.2578833841050616,0.6041026396713164,0.1,0.3520513198356582,sand,horizontal,46.30310116083908,46.30310116083908,46.30310116083908
895,simple,6.058486180941287,14.955968107429968,23.482979323312144,21.229205372470723,0.6736922168209242,0.3860063550120378,0.1,0.2430031775060189,mixed,horizontal,38.79268297003148,38.79268297003148,38.79268297003148
901,simple,40.253560329104246,10.652514483608542,19.714549575969603,16.346387366503023,0.17166371527622984,0.16540429374122695,0.1,0.1327021468706135,mixed,horizontal,29.138463756031644,29.138463756031644,29.138463756031644
902,simple,14.301958474517491,2.1779868249172147,29.840075553730177,18.056033799667897,0.20996106008874396,2.325266289396501,0.1,1.2126331446982506,sand,horizontal,60.99060455348,60.99060455348,60.99060455348
913,simple,44.20460236924658,24.1506660184551,24.798772144607078,16.6679272938685,0.15798459457124692,0.8393985543353806,0.1,0.4696992771676903,clay,horizontal,41.31707026290837,41.31707026290837,41.31707026290837
923,simple,49.32603493903201,0.6212040463924973,44.7922650660023,20.2927451708257,0.2576795856021331,2.3816160501615267,0.1,1.2408080250807634,sand,horizontal,39.99364807256716,39.99364807256716,39.99364807256716
925,simple,37.75864507340015,1.5497517763534074,25.70724972338924,20.69112869590142,0.10827864032913981,0.2574426297825335,0.1,0.17872131489126675,silt,horizontal,31.075889965242702,31.075889965242702,31.075889965242702
927,simple,23.05481266556143,1.7487165543301764,34.286380408058186,20.657104052946572,0.3915983142504829,3.4398882503807995,0.1,1.7699441251903998,sand,horizontal,60.65104169057352,60.65104169057352,60.65104169057352
928,simple,16.859333531037116,3.047532080406259,26.064559031559018,18.133732300554634,0.3789651824134622,0.3552155895697043,0.1,0.22760779478485216,silt,horizontal,52.96899299469082,52.96899299469082,52.96899299469082
940,simple,13.548688462315091,3.0662441525717905,38.14905677796775,18.391500727932613,0.4023599311783852,2.8706749209060227,0.1,1.4853374604530114,sand,horizontal,59.21479977404222,59.21479977404222,59.21479977404222
946,simple,44.99407756425181,1.67534823299209,29.102297146768123,21.971967829182077,0.6335021721521545,0.7320537713005177,0.1,0.41602688565025886,sand,horizontal,55.79296684344,55.79296684344,55.79296684344
947,simple,9.624026958251857,4.066960119231462,33.21750437244597,19.31220074411126,0.689196548367537,1.2586114170835452,0.1,0.6793057085417726,silt,horizontal,33.66424885681815,33.66424885681815,33.66424885681815
949,simple,23.266642129133345,36.09763385552455,21.98404086486522,18.30458438352023,0.5775743538830875,0.11469334421211538,0.1,0.1073466721060577,clay,horizontal,49.988481578182316,49.988481578182316,49.988481578182316
958,simple,38.59515257591119,4.875915059148427,39.046222873348285,21.116471694698113,0.4246368552640054,0.15800766914509629,0.1,0.12900383457254816,sand,horizontal,21.81323067769602,21.81323067769602,21.81323067769602
964,simple,23.171985615165713,1.7294905636376563,33.298775636713174,20.005984420886236,0.7642920515747806,0.6704644879361833,0.1,0.38523224396809164,sand,horizontal,66.11325695296392,66.11325695296392,66.11325695296392
965,simple,32.96278868102889,36.79794821234724,27.412069289841796,19.555623612838957,0.7078908613384565,0.46951809572134934,0.1,0.2847590478606747,clay,horizontal,43.02102703030473,43.02102703030473,43.02102703030473
967,simple,46.58911238774537,1.2326294984081643,27.686961573844776,19.708083374069595,0.6875164358287028,2.032157938118025,0.1,1.0660789690590124,sand,horizontal,59.07390391578326,59.07390391578326,59.07390391578326
969,simple,15.507414385624154,0.7850471511211271,39.538459508630936,20.690946222334716,0.5423323299009261,2.18697109636581,0.1,1.1434855481829052,sand,horizontal,39.53198572537743,39.53198572537743,39.53198572537743
973,simple,21.932050915948032,25.4086032830762,24.367877339982375,18.76238014084766,0.7622333412088415,0.8228543739213894,0.1,0.4614271869606947,clay,horizontal,54.24190066808416,54.24190066808416,54.24190066808416
975,simple,46.44811792661542,42.14368286086393,25.21100478370373,19.536764624500044,0.2874370313487286,0.19692987818125263,0.1,0.1484649390906263,clay,horizontal,52.540613238701326,52.540613238701326,52.540613238701326
978,simple,36.62723119506083,28.05390089366198,30.477267896516253,17.199649126247245,0.506982793673865,1.7000079669411015,0.1,0.9000039834705508,mixed,horizontal,48.92602947745617,48.92602947745617,48.92602947745617
985,simple,9.31400594017651,3.6634251580121955,39.9040919302234,21.09606393123102,0.10843255003932217,0.3303947915606227,0.1,0.21519739578031133,sand,horizontal,22.361791917930727,22.361791917930727,22.361791917930727
991,simple,24.428163203462812,23.374176055795104,28.47589299293535,21.4649768821564,0.7979292919536737,0.6219867323684115,0.1,0.36099336618420574,mixed,horizontal,32.58826338913237,32.58826338913237,32.58826338913237
1005,simple,23.40082436863171,2.519823246251518,26.60730626062255,19.083184852684415,0.19689275913261667,6.3780966189947295,0.1,3.2390483094973646,silt,horizontal,58.87158813955345,58.87158813955345,58.87158813955345
1010,simple,14.490561629968518,12.178424640345005,16.51233478477335,19.138206030063845,0.45545165213279226,0.40484340577008365,0.1,0.25242170288504184,mixed,horizontal,40.895728407351406,40.895728407351406,40.895728407351406
1012,simple,32.72882107728712,30.559374634025993,27.7666715899747,19.62488605290848,0.7653944571026573,0.14757097841128086,0.1,0.12378548920564043,clay,horizontal,39.79704741158635,39.79704741158635,39.79704741158635
1016,simple,16.94436929078831,7.924089772665443,33.30630674265209,17.05772949644537,0.5823016504548286,2.4746429522672666,0.1,1.2873214761336333,silt,horizontal,54.65395439925902,54.65395439925902,54.65395439925902
1018,simple,24.53582617796369,1.5541151736439673,44.628668164133174,19.322601864969627,0.29746769333288325,3.1992109162852094,0.1,1.6496054581426047,sand,horizontal,46.24414722109135,46.24414722109135,46.24414722109135
1021,simple,41.22813408252136,3.609221472303129,27.59577239390336,18.374438440372998,0.38968646714834165,0.24417581456129905,0.1,0.17208790728064954,sand,horizontal,57.928302364547065,57.928302364547065,57.928302364547065
1022,simple,5.620719061813372,2.4827596593944095,40.87913135367562,19.466951162013327,0.670144154838932,0.3569934164290549,0.1,0.22849670821452744,sand,horizontal,48.89582688373101,48.89582688373101,48.89582688373101
1024,simple,49.934563747592264,1.0995075059524178,35.377973907236644,20.089743752329397,0.7026155739622223,1.2992295290442788,0.1,0.6996147645221394,sand,horizontal,56.631362396449454,56.631362396449454,56.631362396449454
1036,simple,28.721742917960317,15.021457785254919,20.402426858711255,19.697682978040454,0.6766640187648587,0.15022390493941912,0.1,0.12511195246970958,mixed,horizontal,35.92194766409098,35.92194766409098,35.92194766409098
1038,simple,19.23788795699775,3.7476066377238744,40.7209164969563,18.922956348689556,0.7074528441888902,1.090507474189753,0.1,0.5952537370948765,sand,horizontal,56.38209380972934,56.38209380972934,56.38209380972934
1056,simple,17.455673372777678,11.354371455360546,21.246471987760728,18.517297582869634,0.2722902417595347,0.11967859596162893,0.1,0.10983929798081446,silt,horizontal,30.226604868252487,30.226604868252487,30.226604868252487
1059,simple,28.551702862672478,28.95735911386934,24.119034510443367,18.036753154064918,0.7706628180390442,0.455925903662931,0.1,0.2779629518314655,clay,horizontal,31.47352983402331,31.47352983402331,31.47352983402331
1077,simple,22.751772025993716,2.0537040840062692,43.40715040014291,19.42241959727572,0.2343753778578413,0.11452570044911303,0.1,0.10726285022455652,sand,horizontal,29.600633505096507,29.600633505096507,29.600633505096507
1079,simple,10.24616672834479,3.9225898342418217,28.535999056020746,18.612805437333183,0.5759031756127236,2.7359318195125275,0.1,1.4179659097562638,sand,horizontal,54.4712459555856,54.4712459555856,54.4712459555856
1083,simple,48.51018549005551,4.259491086868152,41.36368895581498,19.146721188944568,0.7394568199383859,0.19944449634670844,0.1,0.14972224817335422,sand,horizontal,54.72835379162268,54.72835379162268,54.72835379162268
1084,simple,15.476701516325525,0.5474815108605058,38.757193331599595,19.18446250997268,0.20452005728543085,0.25320849782166016,0.1,0.1766042489108301,sand,horizontal,41.23507919788377,41.23507919788377,41.23507919788377
1085,simple,41.87710098159631,10.334629897312109,32.50836484044222,20.53899136511969,0.7677862317996793,1.4592239965464755,0.1,0.7796119982732378,silt,horizontal,44.06105594886001,44.06105594886001,44.06105594886001
1107,simple,45.997337912587916,1.1224248461768749,27.12934203249521,16.66547414434841,0.2213425024867738,2.1207888154882437,0.1,1.110394407744122,mixed,horizontal,36.270609972593974,36.270609972593974,36.270609972593974
1108,simple,27.20458386299222,4.457307407404782,27.489990029820063,18.775775880837678,0.16888385416278312,0.13202778220381203,0.1,0.11601389110190602,silt,horizontal,21.0993604284281,21.0993604284281,21.0993604284281
1112,simple,36.02637760388293,3.833579976744736,39.09268222824206,20.02620680268441,0.16856841862464844,1.0277649374485103,0.1,0.5638824687242552,sand,horizontal,68.90929632595905,68.90929632595905,68.90929632595905
1122,simple,35.51090854024173,2.435136751558341,40.40057470670772,20.496217996990065,0.1487792362792316,0.17612371022167786,0.1,0.13806185511083893,sand,horizontal,25.53830916554126,25.53830916554126,25.53830916554126
1140,simple,34.07435185299848,4.8212594392767985,41.06317778973251,18.377361407666136,0.5680265447167757,0.2059766279613325,0.1,0.15298831398066626,sand,horizontal,47.718361042806166,47.718361042806166,47.718361042806166
1148,simple,16.420216364480325,19.95217695338238,29.961037105243356,16.064143685713205,0.34929748796904675,0.2401156120665571,0.1,0.17005780603327855,mixed,horizontal,63.555789141868026,63.555789141868026,63.555789141868026
1151,simple,26.17654162920326,0.4710715692443118,26.746498966755162,19.231690965599615,0.29751225210958027,0.7104354003359898,0.1,0.4052177001679949,sand,horizontal,55.04272299383538,55.04272299383538,55.04272299383538
1161,simple,43.310072618819305,0.5927728004891225,44.75309044592257,19.994146579314368,0.13820015966076202,0.22507313513253024,0.1,0.1625365675662651,sand,horizontal,67.1140643571848,67.1140643571848,67.1140643571848
1162,simple,47.259322677839734,0.7515912610556796,24.80061843883911,20.427647541580132,0.3307667805858378,0.7555123850311315,0.1,0.42775619251556574,silt,horizontal,56.61279919937152,56.61279919937152,56.61279919937152
1164,simple,23.57383824945898,7.606348866858605,31.08275595449015,20.52404101030611,0.3877408463924944,1.4556605011131987,0.1,0.7778302505565994,silt,horizontal,45.68095120211072,45.68095120211072,45.68095120211072
1167,simple,47.902466345507804,17.25777147893668,28.605512490758862,18.219873044153022,0.3806010741815402,0.4815423822535711,0.1,0.29077119112678557,silt,horizontal,30.923857388076307,30.923857388076307,30.923857388076307
1169,simple,7.729972656573456,2.7851794856723266,31.104628694870765,19.30641118705996,0.527107857891967,0.866785278918362,0.1,0.483392639459181,silt,horizontal,36.83914499676057,36.83914499676057,36.83914499676057
1175,simple,41.75853801603195,25.0235515952988,24.521454544227204,17.312129725649925,0.4096676857576645,0.5951866203947462,0.1,0.3475933101973731,clay,horizontal,66.95873981092245,66.95873981092245,66.95873981092245
1180,simple,21.051221253875003,4.465565221309302,41.54683834647224,20.789576635002557,0.5548104144235669,0.5058583352606995,0.1,0.3029291676303497,sand,horizontal,37.19691113213182,37.19691113213182,37.19691113213182
1181,simple,31.71682862035453,4.302004600155344,26.99121938206238,17.542154684948077,0.35858307459625316,0.412313489568218,0.1,0.256156744784109,silt,horizontal,42.1128959519649,42.1128959519649,42.1128959519649
1190,simple,45.423969927342526,4.526113785802945,28.112260240641135,20.919868531494604,0.7584246910111248,1.8968297390769475,0.1,0.9984148695384738,sand,horizontal,43.424470383085904,43.424470383085904,43.424470383085904
1193,simple,27.125451014872777,21.670664429519544,20.652657719885266,17.04400159573755,0.744323111887248,0.19020801715724073,0.1,0.14510400857862038,mixed,horizontal,35.010819038970666,35.010819038970666,35.010819038970666
1196,simple,30.92082137810087,3.022131995804182,41.04752621502354,19.603630774918365,0.49107583629739704,6.943465703552862,0.1,3.521732851776431,sand,horizontal,54.2855665389351,54.2855665389351,54.2855665389351
1201,simple,37.078269066350266,0.05473873660022055,38.52298898086965,18.455126485782554,0.5545462632375066,0.12720474879934765,0.1,0.11360237439967383,sand,horizontal,57.755374714644226,57.755374714644226,57.755374714644226
1204,simple,14.087592965596787,12.715487139773712,21.581123382374376,16.471879336014798,0.3582546292720197,1.1180144594247725,0.1,0.6090072297123863,clay,horizontal,67.02583528209583,67.02583528209583,67.02583528209583
1210,simple,9.435005623896856,1.4500424221387114,36.89095964264412,21.642489232541966,0.4092871581778619,0.7761000792296407,0.1,0.43805003961482036,sand,horizontal,69.35242136199652,69.35242136199652,69.35242136199652
1217,simple,15.812495795478625,3.719725607821884,26.21554463150957,20.934548075383294,0.3889926633879946,2.157065791191544,0.1,1.128532895595772,sand,horizontal,57.41107924581237,57.41107924581237,57.41107924581237
1222,simple,23.41807554634253,9.771648062196512,31.09080467434662,20.87993693349187,0.7869659005190881,0.27915757473808417,0.1,0.1895787873690421,silt,horizontal,48.814983265421105,48.814983265421105,48.814983265421105
1232,simple,37.80848602832363,2.4989098629338473,40.80091882664839,20.097268229242,0.5674315856647983,0.11700048664394776,0.1,0.10850024332197389,sand,horizontal,57.32767878014731,57.32767878014731,57.32767878014731
1234,simple,5.472789414461275,3.664863964770225,43.34890586622514,21.98733120339747,0.35365732027680585,0.3597926074696286,0.1,0.2298963037348143,sand,horizontal,27.020941932452345,27.020941932452345,27.020941932452345
1239,simple,27.679369738577837,7.068474088398511,25.362602209319043,18.131080676333216,0.1526137209726259,0.7539221337172779,0.1,0.42696106685863894,silt,horizontal,62.514769923173404,62.514769923173404,62.514769923173404
1240,simple,37.056661343271635,16.14562866209187,28.859205623107066,17.165354102224562,0.20187394173589387,0.4172729834002602,0.1,0.2586364917001301,silt,horizontal,66.76865483808177,66.76865483808177,66.76865483808177
1243,simple,14.977024936166416,1.0802246417076444,36.7003296831783,18.267075718413977,0.4553180593459356,0.15497737888484395,0.1,0.12748868944242198,sand,horizontal,45.1081350490212,45.1081350490212,45.1081350490212
1247,simple,38.04906145083996,1.5918647002190789,15.722993111910188,16.15582040154075,0.3305299499310609,0.10780517586313351,0.1,0.10390258793156676,mixed,horizontal,27.044396909740392,27.044396909740392,27.044396909740392
1250,simple,39.27844254439717,3.485838578468414,25.699936281047567,20.04551567606784,0.6399133202174635,2.4611069213123917,0.1,1.280553460656196,sand,horizontal,61.593872463896595,61.593872463896595,61.593872463896595
1261,simple,33.95301706020361,25.28918896234923,31.018780613341555,19.26066236908873,0.36944275928604986,0.1568963978963041,0.1,0.12844819894815207,mixed,horizontal,41.68878459135211,41.68878459135211,41.68878459135211
1278,simple,28.73310993356538,1.4739728040598277,25.198299638816035,17.733402889441944,0.24073135564234188,0.1297180853977317,0.1,0.11485904269886585,mixed,horizontal,25.886588670434143,25.886588670434143,25.886588670434143
1282,simple,34.76820809408123,6.575770730254876,24.813992035329264,17.94507615773169,0.5703392001595201,1.1504940595614086,0.1,0.6252470297807043,silt,horizontal,56.84749239105892,56.84749239105892,56.84749239105892
1284,simple,43.74476032474856,9.478845199496966,27.40882446345452,17.19159710527423,0.14450948705629882,0.40161926606089804,0.1,0.250809633030449,mixed,horizontal,55.14451435729292,55.14451435729292,55.14451435729292
1291,simple,33.36472004716761,13.988539186521212,18.425609936084495,19.368007105447727,0.1999673133448627,0.16126255678920512,0.1,0.13063127839460256,mixed,horizontal,33.099677713946264,33.099677713946264,33.099677713946264
1292,simple,16.915654244313252,21.05669953160558,25.94513075186583,19.66385821179902,0.6099776433985351,0.468626651398439,0.1,0.2843133256992195,clay,horizontal,31.817380662029272,31.817380662029272,31.817380662029272
1302,simple,34.42162915271414,13.506844150198813,33.09980067919299,18.583324297893583,0.3033309523048159,1.073311644554288,0.1,0.5866558222771441,silt,horizontal,42.877851735541924,42.877851735541924,42.877851735541924
1309,simple,47.542381165925605,2.4600636891481686,30.045909198600075,18.53369268718017,0.6675974713014289,0.16606282570965886,0.1,0.13303141285482945,sand,horizontal,27.908597838260505,27.908597838260505,27.908597838260505
1310,simple,14.1821784480737,11.949954698051545,23.429552007201814,17.354497598363665,0.6544744529602855,0.5382723297706395,0.1,0.31913616488531976,clay,horizontal,34.72176938886567,34.72176938886567,34.72176938886567
1317,simple,32.78035224890613,0.79283553756057,40.63649799706483,18.86455104545023,0.7744694856536353,0.2885127979288366,0.1,0.19425639896441832,sand,horizontal,42.02103367069843,42.02103367069843,42.02103367069843
1319,simple,43.03013407074012,14.250922068966,36.39807749543418,16.015091783870062,0.19631009838420807,1.916500609465707,0.1,1.0082503047328535,mixed,horizontal,34.22864746990582,34.22864746990582,34.22864746990582
1320,simple,35.88249800587421,3.0039362760531594,27.22730726666907,16.018034237495687,0.1946731342509989,1.1799285254178904,0.1,0.6399642627089452,mixed,horizontal,56.609469106101955,56.609469106101955,56.609469106101955
1324,simple,22.64846225791645,27.265718729493344,27.55542750669947,16.840840107553134,0.7162058596711499,0.2035192005691628,0.1,0.1517596002845814,clay,horizontal,50.855815722700555,50.855815722700555,50.855815722700555
1325,simple,33.93821158910645,19.459499304731356,15.46679817649974,19.87170012832222,0.7556837023890164,1.727746533209805,0.1,0.9138732666049025,clay,horizontal,43.29292795287061,43.29292795287061,43.29292795287061
1328,simple,36.840317412595056,29.582870095465946,22.845941342688096,18.09267612608107,0.56615465349451,0.6945068105428647,0.1,0.3972534052714323,clay,horizontal,48.819258954503695,48.819258954503695,48.819258954503695
1333,simple,24.440319683622885,0.9084989823754425,44.07389610260601,21.988197768354095,0.08008811595027031,0.5899755466914218,0.1,0.3449877733457109,sand,horizontal,21.4066672897702,21.4066672897702,21.4066672897702
1349,simple,44.70955771749055,16.936364709375198,28.669704094273293,17.20750195843501,0.4501748505165429,0.2935756229056355,0.1,0.19678781145281776,mixed,horizontal,44.48591514834098,44.48591514834098,44.48591514834098
1350,simple,13.97601369886263,5.832937353334522,31.326869220155395,20.810881250006492,0.44710876457704124,0.403911237607817,0.1,0.2519556188039085,mixed,horizontal,42.37644522699426,42.37644522699426,42.37644522699426
1353,simple,46.20743895565284,15.98450221107642,29.918286500119954,18.990948948210225,0.7767933887874174,0.11949670667046913,0.1,0.10974835333523457,silt,horizontal,37.860995941378754,37.860995941378754,37.860995941378754
1360,simple,7.166728418650863,1.8684011914260834,27.90246115076109,18.527553261426608,0.4912828247782204,0.8067408284610861,0.1,0.45337041423054303,sand,horizontal,34.61706411576333,34.61706411576333,34.61706411576333
1365,simple,20.897996257021088,15.030027891024043,21.357602573421733,20.65286029309336,0.3993442613915991,0.41497888421267104,0.1,0.2574894421063355,silt,horizontal,53.22125142830091,53.22125142830091,53.22125142830091
1366,simple,44.96203580282977,29.234336970529366,22.663584378005666,18.490245503934744,0.6664561689550504,3.804014193297719,0.1,1.9520070966488596,mixed,horizontal,56.312477600381854,56.312477600381854,56.312477600381854
1380,simple,29.125996383618272,16.229493448360287,39.887693467290106,18.606929242495273,0.18801074151130398,0.287578968789817,0.1,0.1937894843949085,mixed,horizontal,28.80732882707659,28.80732882707659,28.80732882707659
1384,simple,30.596909053959433,19.90009364320362,34.892653911244196,20.624851284173534,0.5027115467733009,0.12436036120794793,0.1,0.11218018060397397,silt,horizontal,34.823658834305846,34.823658834305846,34.823658834305846
1386,simple,17.611264576909292,0.11938751499536993,41.79820610014572,21.769553232792347,0.5385275410329269,0.2507154324444536,0.1,0.1753577162222268,sand,horizontal,50.95916615888032,50.95916615888032,50.95916615888032
1393,simple,31.17107829862941,2.2399443008583786,29.370506540295757,19.51474084780153,0.254925122403552,0.31888635608776117,0.1,0.20944317804388057,silt,horizontal,50.133033531571115,50.133033531571115,50.133033531571115
1399,simple,30.053402909733126,4.729511540138514,41.06137024967005,19.443636892871694,0.5315472077872824,0.24597264608641112,0.1,0.17298632304320555,sand,horizontal,32.052486524487485,32.052486524487485,32.052486524487485
1411,simple,44.61246207725323,17.556279784348373,29.36288996175483,18.17272839788371,0.7365643796402827,0.8371017666617234,0.1,0.4685508833308617,silt,horizontal,41.75863006019121,41.75863006019121,41.75863006019121
1421,simple,38.34113361095114,4.417582573806723,28.42655734236787,19.07359082719797,0.047810837396077055,0.18386720541181784,0.1,0.14193360270590893,sand,horizontal,56.06392015270845,56.06392015270845,56.06392015270845
1429,simple,23.78230136828872,0.3713007955231168,34.475540438073764,18.16537466573277,0.049376470040501455,0.10613954795561831,0.1,0.10306977397780916,sand,horizontal,53.32636174690841,53.32636174690841,53.32636174690841
1434,simple,44.61264582654024,4.869988714006557,35.24399495238066,20.558474729513893,0.1570756972274536,7.101604030126429,0.1,3.6008020150632145,sand,horizontal,41.54580461538674,41.54580461538674,41.54580461538674
1447,simple,38.803378039385834,3.1318505760779454,42.113636147323575,19.14133720241609,0.2508517972446538,0.5572159989740503,0.1,0.3286079994870251,sand,horizontal,58.457327671015804,58.457327671015804,58.457327671015804
1450,simple,5.703134897787165,1.623171441981715,25.731409138840057,21.906604089800574,0.6620458129379727,0.1339033618288775,0.1,0.11695168091443875,sand,horizontal,49.11972005031055,49.11972005031055,49.11972005031055
1459,simple,31.87376077074849,0.8068171032614169,35.42065612989654,20.014276793700716,0.5667119505897368,0.6290002827078104,0.1,0.3645001413539052,mixed,horizontal,46.093478465946724,46.093478465946724,46.093478465946724
1462,simple,35.580237336010924,7.128574135908085,24.770300456953937,19.486640301558573,0.6422335274140437,0.7418111281237354,0.1,0.4209055640618677,silt,horizontal,46.52959524014932,46.52959524014932,46.52959524014932
1468,simple,15.199749941168765,19.9480114707522,30.672063890195574,17.235555566315767,0.7686338393830248,6.584000341539948,0.1,3.342000170769974,mixed,horizontal,64.48660365160873,64.48660365160873,64.48660365160873
1474,simple,39.96426128905804,14.265917898345641,22.638274694438106,18.26346044761842,0.30636102371657237,0.14318556172013197,0.1,0.12159278086006599,clay,horizontal,25.902201540072866,25.902201540072866,25.902201540072866
1475,simple,42.6062886186238,13.223482745018,20.613053992585684,16.1645783077036,0.6088241134097809,4.802568513384278,0.1,2.451284256692139,mixed,horizontal,54.4836311899422,54.4836311899422,54.4836311899422
1478,simple,40.46595311408301,0.5090020872221879,26.550427541885057,17.174394860425195,0.06962413243251593,0.3849408915554017,0.1,0.24247044577770083,silt,horizontal,25.66224844459553,25.66224844459553,25.66224844459553
1482,simple,35.6084195628667,23.613506370906123,17.140498214095402,16.781145123576,0.6792757932699263,0.2622921863568402,0.1,0.18114609317842012,clay,horizontal,45.39403062754726,45.39403062754726,45.39403062754726
1486,simple,31.84769297937678,27.48304456152902,21.594727547219414,16.76695586348582,0.7095802222581794,0.7129560953254439,0.1,0.40647804766272194,clay,horizontal,53.749892860428375,53.749892860428375,53.749892860428375
1491,simple,34.338898677555086,14.614703363493312,15.792809143858136,16.10630348682208,0.6906252993942616,0.2846276103271268,0.1,0.1923138051635634,clay,horizontal,46.55558665220024,46.55558665220024,46.55558665220024
1498,simple,17.323111690686304,3.51845693593983,38.07334777042984,19.749458843124774,0.5498893433834793,2.2013296802152613,0.1,1.1506648401076307,sand,horizontal,57.954193902080796,57.954193902080796,57.954193902080796
1521,simple,46.40912982776743,17.453920593007446,34.41137241815708,17.62520005723767,0.6114870291476305,0.8582789308124374,0.1,0.4791394654062187,silt,horizontal,63.149043107027794,63.149043107027794,63.149043107027794
1525,simple,31.845683637179164,7.853791687434404,26.100109810688373,20.874502218952642,0.5709656078960673,0.16449790626640018,0.1,0.1322489531332001,mixed,horizontal,39.39131204590213,39.39131204590213,39.39131204590213
1526,simple,40.28146780398935,3.0350460448715837,42.60107165913131,20.72072066882125,0.31419543348155604,0.6053763155493124,0.1,0.3526881577746562,sand,horizontal,61.37093123387961,61.37093123387961,61.37093123387961
1536,simple,44.95273065088256,4.068353847658134,41.21012837984486,20.385054101012607,0.774751931923185,0.15433701000815672,0.1,0.12716850500407836,sand,horizontal,60.61294293584257,60.61294293584257,60.61294293584257
1548,simple,24.46013038744648,0.9857683821083818,39.09202361141969,20.75654971885608,0.6461321437935437,0.2057945952548794,0.1,0.1528972976274397,mixed,horizontal,45.073145554454854,45.073145554454854,45.073145554454854
1561,simple,44.73960992756641,21.92529868604141,27.153186983653868,17.243560948298036,0.5503097646149517,0.6155314175327256,0.1,0.35776570876636277,clay,horizontal,48.765190363855126,48.765190363855126,48.765190363855126
1566,simple,36.287795888331715,0.6289704627736187,26.763940561798403,19.794229305649736,0.06586978718507615,0.1490985124120418,0.1,0.1245492562060209,sand,horizontal,64.52453992889117,64.52453992889117,64.52453992889117
1571,simple,5.337331833043033,14.951789561759481,34.73014659874899,20.056109129089556,0.5631238459662132,0.6544261930079709,0.1,0.37721309650398543,mixed,horizontal,50.758633817896055,50.758633817896055,50.758633817896055
1578,simple,32.40179875660886,2.558173781150588,28.95642797128114,17.292206751449147,0.11041927186672469,0.10486173563612664,0.1,0.10243086781806332,mixed,horizontal,41.369174045788114,41.369174045788114,41.369174045788114
1580,simple,6.694978617122005,2.654153832213751,40.46774899844326,19.934702850573256,0.4796301420929947,1.0359111959067948,0.1,0.5679555979533975,sand,horizontal,38.352057704902606,38.352057704902606,38.352057704902606
1584,simple,33.006601028073874,1.241567688839279,42.73968949744741,18.40157953446687,0.10393370930555293,4.138684192730536,0.1,2.119342096365268,sand,horizontal,61.4060628553105,61.4060628553105,61.4060628553105
1585,simple,14.88027065873627,22.133575235741734,32.277720184225856,17.372531347431273,0.7970980627985154,0.17802982882270388,0.1,0.13901491441135194,mixed,horizontal,48.34968785863352,48.34968785863352,48.34968785863352
1588,simple,25.16726567539284,4.978318950942602,35.2977308023565,19.189641147430876,0.42054172600102757,0.33317404076870555,0.1,0.2165870203843528,sand,horizontal,28.296330139263503,28.296330139263503,28.296330139263503
1593,simple,24.66293516864528,7.613485196048816,23.761870811914893,16.09085613487894,0.14610159807918396,0.6400094199000761,0.1,0.37000470995003804,mixed,horizontal,54.06769353332862,54.06769353332862,54.06769353332862
1598,simple,6.198699882189778,2.883522837872736,31.45664016932154,19.834434324771124,0.09883079714182044,0.1777964143409211,0.1,0.13889820717046056,sand,horizontal,63.072201120905106,63.072201120905106,63.072201120905106
1603,simple,19.68526975437588,9.508392658087637,33.99104769591872,19.931754659820374,0.13015980150581816,0.2422454408589309,0.1,0.17112272042946547,silt,horizontal,44.12871682965721,44.12871682965721,44.12871682965721
1605,simple,28.87480514183382,16.817491944064702,22.86491938246568,18.54433734716047,0.7104394080003136,1.8951972319286219,0.1,0.997598615964311,silt,horizontal,47.14742888158139,47.14742888158139,47.14742888158139
1608,simple,41.61006248316814,2.328165746411387,33.531817990885216,20.363472757001556,0.6424381003427732,0.6068195810590427,0.1,0.3534097905295213,sand,horizontal,55.521337654092235,55.521337654092235,55.521337654092235
1612,simple,29.66981506388579,12.810813477653038,25.371120742792343,19.165792558929972,0.5538979106483599,1.236008305669786,0.1,0.668004152834893,clay,horizontal,53.978747706951886,53.978747706951886,53.978747706951886
1615,simple,24.870465986663557,1.1034294510166016,33.773851119518795,18.048200010059944,0.4023992395643255,0.10971430005418083,0.1,0.10485715002709042,sand,horizontal,29.802788946032365,29.802788946032365,29.802788946032365
1624,simple,6.983613208603012,2.8977645042605555,28.145308187372432,21.59803455079569,0.1674384190108678,0.16260823151165596,0.1,0.13130411575582798,sand,horizontal,63.934283728374425,63.934283728374425,63.934283728374425
1625,simple,45.880419477520064,13.126896718695653,28.453302796720045,19.7077707983905,0.40551016868322326,0.1833140928584443,0.1,0.14165704642922217,silt,horizontal,38.34984775851942,38.34984775851942,38.34984775851942
1633,simple,9.561114621963466,4.642791826821464,26.713916753893834,17.71853335826228,0.28661221834623424,0.9087662624851641,0.1,0.504383131242582,silt,horizontal,29.903976596695436,29.903976596695436,29.903976596695436
1634,simple,10.219197969586562,17.922075250217237,29.384882241180854,17.854175500611507,0.4308168733408315,1.582984426301025,0.1,0.8414922131505126,silt,horizontal,50.83131809972612,50.83131809972612,50.83131809972612
1640,simple,47.02353246758552,0.8358581935953596,39.26881639805731,20.18324778715945,0.35264516701833293,0.149227732571947,0.1,0.1246138662859735,sand,horizontal,23.964621712705547,23.964621712705547,23.964621712705547
1644,simple,28.530007723402786,0.7925922979667233,34.99702531914383,19.77580122696662,0.6304343817411184,6.029485750854412,0.1,3.0647428754272057,sand,horizontal,68.91339247220024,68.91339247220024,68.91339247220024
1649,simple,26.97238746925241,21.44678502192376,16.961389681196458,19.722043467386477,0.6232185476802844,0.133544324712241,0.1,0.1167721623561205,clay,horizontal,22.89448447838472,22.89448447838472,22.89448447838472
1655,simple,29.02544122940414,3.7665057974683536,17.93248182829034,16.01206487959699,0.13080963008886554,0.21032297015136972,0.1,0.15516148507568486,mixed,horizontal,49.3647566467449,49.3647566467449,49.3647566467449
1656,simple,30.292469583649936,19.417254855684213,28.70232238982185,16.127678120297023,0.5920145504638196,1.4847408313408883,0.1,0.7923704156704442,clay,horizontal,51.41803156829124,51.41803156829124,51.41803156829124
1668,simple,16.455792254123537,3.5408725406997945,44.4135600831875,20.36339381263198,0.3769160580829657,0.8354925796461322,0.1,0.4677462898230661,sand,horizontal,33.47760251888989,33.47760251888989,33.47760251888989
1676,simple,16.41601279951682,15.54377064482545,25.019764475190712,19.626694697558335,0.4960566440366801,1.4973874393471838,0.1,0.7986937196735919,mixed,horizontal,63.64479069791238,63.64479069791238,63.64479069791238
1678,simple,41.376061341124235,4.06771059423174,38.158332503560864,19.70741026084071,0.30076141782637084,0.562930908364949,0.1,0.3314654541824745,sand,horizontal,46.20041369798011,46.20041369798011,46.20041369798011
1686,simple,27.614883558522163,0.7011125293367382,26.018360546185292,19.360426450043434,0.3499153133292323,0.15875958596193043,0.1,0.12937979298096522,sand,horizontal,40.68227653405505,40.68227653405505,40.68227653405505
1691,simple,35.797310491258195,2.147060574728447,37.94179845015503,18.038405376822762,0.6872350618102017,0.179594400393267,0.1,0.1397972001966335,sand,horizontal,42.17076287881815,42.17076287881815,42.17076287881815
1692,simple,8.616321898170023,4.714060566888689,34.20489276872182,19.42695430768384,0.2700127282591181,0.2433828952393638,0.1,0.17169144761968191,silt,horizontal,34.394418552569384,34.394418552569384,34.394418552569384
1698,simple,38.17195194969786,0.6537344546098317,27.865926847768822,21.053854459672074,0.4707459610995615,0.4520966028194136,0.1,0.2760483014097068,sand,horizontal,47.631175306918614,47.631175306918614,47.631175306918614
1702,simple,34.246778184465505,31.424397933806873,29.326455220812225,17.252413249346,0.6523825119026181,4.946150844992495,0.1,2.5230754224962473,clay,horizontal,43.65812073878015,43.65812073878015,43.65812073878015
1703,simple,13.608416433738824,2.37575583326729,31.575693376832653,20.14660594261119,0.19852380607474976,0.24553434659340853,0.1,0.17276717329670427,silt,horizontal,58.86976640344801,58.86976640344801,58.86976640344801
1706,simple,18.169966176270037,27.20757928744463,35.7820484856067,16.606909707138236,0.7356419104647995,4.70529196692386,0.1,2.40264598346193,mixed,horizontal,67.7983718686995,67.7983718686995,67.7983718686995
1708,simple,24.890078099008687,29.388175155008227,16.422964423524782,18.32502653928216,0.6951556573263747,0.2139419997117067,0.1,0.15697099985585333,clay,horizontal,34.14380885419566,34.14380885419566,34.14380885419566
1720,simple,46.92710217316301,2.5921115477618066,39.31004291114432,21.583467347894306,0.4426732222466274,0.5496887592064648,0.1,0.32484437960323237,sand,horizontal,26.776709405314378,26.776709405314378,26.776709405314378
1723,simple,24.144715989766382,2.0351846618223535,28.899403223935312,20.50594574125543,0.30021298405985936,0.6312935353173662,0.1,0.3656467676586831,silt,horizontal,67.36669677311758,67.36669677311758,67.36669677311758
1732,simple,47.73249175105759,2.3170191472658908,30.917459088458465,20.75052636371128,0.6453748587632169,0.8065397843471299,0.1,0.45326989217356495,silt,horizontal,51.131268958990006,51.131268958990006,51.131268958990006
1733,simple,26.878347315049208,3.0755399644999075,41.88446313336341,21.34549511184553,0.43493025674848856,1.8579073014012268,0.1,0.9789536507006135,sand,horizontal,44.19698277216962,44.19698277216962,44.19698277216962
1741,simple,21.011163304491294,28.188187296803978,19.534885906887176,19.348422280566737,0.633918781916768,1.025741740009852,0.1,0.5628708700049261,clay,horizontal,21.184082248390776,21.184082248390776,21.184082248390776
1753,simple,48.91377246501,9.83624318771324,17.10218114962452,17.15114066307573,0.21867533871071593,0.2130633902553305,0.1,0.15653169512766524,clay,horizontal,56.60264910779801,56.60264910779801,56.60264910779801
1755,simple,39.47111066703991,17.00197064265626,28.147159432624253,21.370214202031207,0.21807180778783242,0.42938470950338137,0.1,0.2646923547516907,mixed,horizontal,27.027651704326203,27.027651704326203,27.027651704326203
1756,simple,6.228312983678656,9.390719616489775,38.27164002494318,17.546636956363773,0.6475143835124619,0.18731363824070185,0.1,0.14365681912035094,mixed,horizontal,38.19112373443395,38.19112373443395,38.19112373443395
1773,simple,24.049683096558578,4.052037638628552,27.85957073696493,20.226700535317637,0.22159153053820424,0.23996430090647178,0.1,0.1699821504532359,sand,horizontal,35.58803380627137,35.58803380627137,35.58803380627137
1777,simple,44.162768167610814,9.463759968015353,28.723393572035768,18.037244890971923,0.2508788984366134,0.30115327576890005,0.1,0.20057663788445002,silt,horizontal,38.56151569632584,38.56151569632584,38.56151569632584
1779,simple,12.321198585345254,7.309434209409838,19.933718714272885,16.977026105066965,0.5958315551548506,0.11536840748240443,0.1,0.10768420374120222,mixed,horizontal,30.204051947918394,30.204051947918394,30.204051947918394
1780,simple,49.32967751316565,2.5396421798984337,34.41621968533086,19.436795655802833,0.6176735626148369,0.35710230698857753,0.1,0.22855115349428878,sand,horizontal,45.71091286737274,45.71091286737274,45.71091286737274
1796,simple,34.41326617088434,0.5221254406945841,25.35446308835495,16.49865472893021,0.7832670776094217,2.627148705526174,0.1,1.363574352763087,mixed,horizontal,63.32084341216869,63.32084341216869,63.32084341216869
1805,simple,7.555730594613509,11.446545965681924,33.41801234439515,19.60404108510755,0.4276422415389585,0.26211463467342844,0.1,0.1810573173367142,silt,horizontal,67.45819959736943,67.45819959736943,67.45819959736943
1806,simple,40.647455959492575,22.622066459736104,20.536048392556573,16.102176451470076,0.4578523259367602,0.5017985285015039,0.1,0.3008992642507519,clay,horizontal,55.51133748448396,55.51133748448396,55.51133748448396
1807,simple,42.15565826559593,3.5921731849896075,37.0220629280319,21.833350510094036,0.3177893427685208,0.5856762877250834,0.1,0.3428381438625417,sand,horizontal,46.49328022422239,46.49328022422239,46.49328022422239
1812,simple,41.197044521148015,44.97014897294336,27.767677729441907,17.158554614841083,0.5127313115374921,0.5861269978816047,0.1,0.34306349894080235,clay,horizontal,48.849500920167884,48.849500920167884,48.849500920167884
1819,simple,34.76722386719667,1.8180273521765766,27.249633390748336,19.867238571041618,0.5275458659598999,1.6705221680456859,0.1,0.885261084022843,sand,horizontal,65.01594390122804,65.01594390122804,65.01594390122804
1822,simple,30.169659651182823,13.33054566896828,15.335873928304027,18.59945483828137,0.6887803073548878,0.1795355568541503,0.1,0.13976777842707516,clay,horizontal,45.47952516781869,45.47952516781869,45.47952516781869
1834,simple,10.294401827400044,1.5482551401372202,23.726374523410136,18.861158953585047,0.2576755831340594,4.8603650792194655,0.1,2.4801825396097326,silt,horizontal,56.712251763215235,56.712251763215235,56.712251763215235
1839,simple,37.832133349251585,0.663546003798311,25.661635485222472,19.415571973659805,0.7136779461524916,2.4078700542115916,0.1,1.2539350271057959,sand,horizontal,62.16491416679632,62.16491416679632,62.16491416679632
1853,simple,28.016853598242246,2.811502177083382,30.075668746579495,20.70240326463012,0.4458843896978853,0.8325056884253126,0.1,0.4662528442126563,sand,horizontal,57.04173580894732,57.04173580894732,57.04173580894732
1855,simple,11.870681923347227,8.773977821228057,20.327419122946427,18.687846243395224,0.726450555663023,2.939561680887854,0.1,1.519780840443927,silt,horizontal,56.659308112655,56.659308112655,56.659308112655
1861,simple,42.19015443409854,47.53204894814776,12.82770455365327,19.170031345223556,0.7957579310523007,0.776329686270002,0.1,0.438164843135001,clay,horizontal,49.51626272415048,49.51626272415048,49.51626272415048
1864,simple,16.17704779388621,13.392721963366437,33.86979742286597,19.01338196854325,0.5421605841840043,5.598530149308401,0.1,2.8492650746542005,silt,horizontal,31.704079202762472,31.704079202762472,31.704079202762472
1865,simple,39.02117876588155,3.6766933082349307,25.15500536002102,21.998679224508678,0.4211890843602526,0.20130735175101966,0.1,0.15065367587550982,sand,horizontal,30.48663288692746,30.48663288692746,30.48663288692746
1874,simple,44.99940345005172,3.9365250724691387,26.2442799416541,20.08530186114116,0.2447168702595887,0.23191691300086623,0.1,0.16595845650043312,sand,horizontal,29.252382546685755,29.252382546685755,29.252382546685755
1875,simple,12.439031457420338,11.530719326922704,33.39788661487476,19.56465299120173,0.6114929295530128,0.28819054230054947,0.1,0.19409527115027475,silt,horizontal,52.03121365491931,52.03121365491931,52.03121365491931
1882,simple,8.63256520801408,1.76686670568321,31.316000012956753,18.78736135869708,0.6435491209494333,0.387583760438514,0.1,0.24379188021925702,sand,horizontal,34.61244265432127,34.61244265432127,34.61244265432127
1888,simple,26.433668632192983,17.349944128273684,39.85921909229474,20.702944853684695,0.31611007063359486,2.5151804470978973,0.1,1.3075902235489487,mixed,horizontal,27.527463691641252,27.527463691641252,27.527463691641252
1893,simple,37.07638959195521,25.650973134122776,23.700194449794765,19.674039873222387,0.4898822811688944,1.1112836984121393,0.1,0.6056418492060697,mixed,horizontal,46.145446196096444,46.145446196096444,46.145446196096444
1905,simple,37.97639722641948,0.04676731187804262,35.0266744737907,21.983618966645633,0.1978638458987746,0.2564244900887316,0.1,0.17821224504436578,sand,horizontal,20.43499580523062,20.43499580523062,20.43499580523062
1910,simple,20.62092668160593,6.907606543931779,27.428697454974774,20.91106422203949,0.6895708819953372,0.25894669215285204,0.1,0.179473346076426,mixed,horizontal,42.4105366795268,42.4105366795268,42.4105366795268
1913,simple,24.417938050212694,30.55327749076229,23.826865123266217,17.194931326220022,0.5330643968426261,1.7566206955995547,0.1,0.9283103477997774,clay,horizontal,61.045116827226316,61.045116827226316,61.045116827226316
1914,simple,37.79562858048646,23.05001047730231,26.028619055171646,16.833836183655556,0.5190498529096169,2.6225711510440206,0.1,1.3612855755220103,clay,horizontal,61.454453624508886,61.454453624508886,61.454453624508886
1922,simple,13.821831215124794,4.990017684716717,42.71613983242349,18.54538400888611,0.4998018661305185,0.9744737621849504,0.1,0.5372368810924752,sand,horizontal,65.23848219414916,65.23848219414916,65.23848219414916
1925,simple,32.44301984497257,23.911268413960823,22.681061038420737,18.813013324194948,0.2041354127759914,0.10744924023255424,0.1,0.10372462011627712,clay,horizontal,31.920151886367226,31.920151886367226,31.920151886367226
1929,simple,23.27915475911269,3.510698252958697,34.02038735914648,20.697299806604086,0.6829684544111183,0.22310124720980706,0.1,0.16155062360490352,silt,horizontal,33.74864139180741,33.74864139180741,33.74864139180741
1954,simple,47.633957946235746,0.9953264515016175,44.879558533635446,18.324314131298607,0.7610617053904852,0.10053107947620377,0.1,0.10026553973810189,sand,horizontal,47.462063676513296,47.462063676513296,47.462063676513296
1964,simple,21.42004962888936,3.1101097997029226,31.91798479654704,20.238075864915068,0.7136300536793942,3.603205613573289,0.1,1.8516028067866446,sand,horizontal,48.362998494734256,48.362998494734256,48.362998494734256
1969,simple,48.07505996417084,21.74133746309051,39.7021724454548,18.15722011618749,0.36679260094457206,0.6250299772992874,0.1,0.3625149886496437,mixed,horizontal,23.607321566817962,23.607321566817962,23.607321566817962
1977,simple,43.38750528778484,4.520324153558321,27.444285682613952,20.24754083936329,0.6556809958737033,0.29627456128696994,0.1,0.19813728064348496,sand,horizontal,50.89571546371869,50.89571546371869,50.89571546371869
1980,simple,30.815939352159408,0.5782495922746028,33.01316969627412,20.56148791948984,0.4568490392062051,0.29641678782088904,0.1,0.19820839391044454,sand,horizontal,57.97434591214087,57.97434591214087,57.97434591214087
1995,simple,16.654628240067822,32.15870416343871,23.205829613942335,19.056871672133003,0.6999620686535616,0.1347007584045374,0.1,0.1173503792022687,clay,horizontal,28.222248441554974,28.222248441554974,28.222248441554974
1996,simple,40.70620898300023,6.795135711379512,24.03692193444407,19.699374914585896,0.5788272712958932,0.20382701698949876,0.1,0.15191350849474938,mixed,horizontal,50.81271843400184,50.81271843400184,50.81271843400184
